no	isfdb_pub	cover_image	cover_artist
1	109731	https://www.isfdb.org/wiki/images/d/dc/THFRVRWRMW2000.jpg	Chris Moore (variant of The Buchanan Campaign 1995)
2	109741	https://isfdb.org/wiki/images/2/2e/MLGNDCNVQL1999.jpg	Jim Thiesen
3	7127	https://www.isfdb.org/wiki/images/7/72/CTSNLGHT1999.jpg	John Harris (variant of Okie Cities: Trading Contact 1979)
4	10310	https://www.isfdb.org/wiki/images/3/38/DNDRDSDRMF1999.jpg	Chris Moore
5	47896	https://m.media-amazon.com/images/I/51H88DV15NL.jpg	Chris Moore
6	3445	https://m.media-amazon.com/images/I/51M6GS63SCL.jpg	Chris Moore
7	109761	https://www.isfdb.org/wiki/images/8/8a/LRDFLGHTXK1999.jpg	Fred Gambino
8	109771	https://m.media-amazon.com/images/I/51VBV9NKJ3L.jpg	Fred Gambino
9	109781	https://m.media-amazon.com/images/I/51W63DSFPSL.jpg	Boris Vallejo
10	109801	https://m.media-amazon.com/images/I/51XXVSNAXNL.jpg	Chris Moore
11	109861	https://www.isfdb.org/wiki/images/0/0e/LSTNDFRSTM1999.jpg	Les Edwards
12	109811	https://www.isfdb.org/wiki/images/6/6f/RTHBDSFXNS0000.jpg	Les Edwards
13	165001	https://www.isfdb.org/wiki/images/1/13/MRTNTMSLPB1999.jpg	Chris Moore
14	109821	https://www.isfdb.org/wiki/images/9/9b/THDMLSHDMG0000.jpg	Jim Burns
15	161301	https://www.isfdb.org/wiki/images/c/ce/STNDNZNZBR1999.jpg	Jim Burns
16	428918	https://m.media-amazon.com/images/I/5138G0Q9JKL.jpg	Chris Moore
17	158991	https://www.isfdb.org/wiki/images/1/1c/THDRWNDWRL1999.jpg	Chris Moore
18	109831	https://www.isfdb.org/wiki/images/9/90/THSRNSFTTN1999.jpg	Chris Moore
19	115131	https://www.isfdb.org/wiki/images/3/30/MPHRVGMZDT1999.jpg	Chris Moore
20	115141	https://www.isfdb.org/wiki/images/4/4d/SCNNRDRKLZ1999.jpg	Chris Moore
21	115151	https://m.media-amazon.com/images/I/51YWzCYbNGL.jpg	Les Edwards
22	115171	https://m.media-amazon.com/images/I/51R8RKRJNSL.jpg	Jim Burns
23	115181	https://m.media-amazon.com/images/I/51EHH7VA13L.jpg	Jim Burns
24	115191	https://m.media-amazon.com/images/I/51rWV21H7yL.jpg	Chris Moore
25	114511	https://isfdb.org/wiki/images/e/e1/FLWRSFRLGR2000.jpg	Chris Moore
26	115201	https://www.isfdb.org/wiki/images/e/e2/BKJHXMSQDK2000.jpg	Chris Moore
27	115211	https://www.isfdb.org/wiki/images/b/b0/TMSCPBSGVQ2001.jpg	Chris Moore
28	111081	https://www.isfdb.org/wiki/images/a/a6/MRTHNHMNMK200-.jpg	Fred Gambino
29	111111	https://m.media-amazon.com/images/I/51Z0E60A0RL.jpg	Chris Moore
30	114241	https://m.media-amazon.com/images/I/51U1FWw1V3L.jpg	Fred Gambino
31	114271	https://m.media-amazon.com/images/I/51txWMf11JL.jpg	Chris Moore
32	115221	https://www.isfdb.org/wiki/images/b/bd/DRBLDMNMSQ2000.jpg	Chris Moore
33	115231	https://m.media-amazon.com/images/I/618TL9QqrAL.jpg	Fred Gambino
34	115241	https://www.isfdb.org/wiki/images/8/80/THFNTNSFPR2000.jpg	Chris Moore
35	239121	https://isfdb.org/wiki/images/a/a2/PVNVKKBVNR2000.jpg	Jim Burns
36	115511	https://www.isfdb.org/wiki/images/a/a5/NWWTFRLSTR2000.jpg	Chris Moore
37	115521	https://www.isfdb.org/wiki/images/5/5e/NVVVPQVKXJ2001.jpg	Chris Moore
38	115531	https://isfdb.org/wiki/images/a/ae/THFRSTMNNT2001.jpg	Chris Moore
39	117231	https://www.isfdb.org/wiki/images/e/e6/THCTNDTHSM0000.jpg	Chris Moore
40	115501	https://www.isfdb.org/wiki/images/8/82/BLDMSCQZPQ2001.jpg	Chris Moore
41	115541	https://www.isfdb.org/wiki/images/7/7d/JMDQBDCHWP0000.jpg	Chris Moore
42	117241	https://m.media-amazon.com/images/I/510qwyFba6L.jpg	Chris Moore
43	117251	https://www.isfdb.org/wiki/images/f/f4/VLSRGNBBJS2001.jpg	Chris Moore
44	42932	https://www.isfdb.org/wiki/images/2/26/LTHFHVN2001.jpg	Chris Moore
45	225205	https://www.isfdb.org/wiki/images/e/e0/THCMPLTRDB2001.jpg	Chris Moore
46	14032	https://isfdb.org/wiki/images/c/c1/FLWMTRSTHK0000.jpg	Chris Moore
47	122211	https://m.media-amazon.com/images/I/41kROb6Sk2L.jpg	Chris Moore
48	118931	https://www.isfdb.org/wiki/images/c/cf/GRSSDWVVNS2002.jpg	Chris Moore
49	114501	https://www.isfdb.org/wiki/images/7/7b/FLLFMNDSTV2002.jpg	Fred Gambino (variant of Strange Visitors: The Warthog 1979)
50	252028	https://isfdb.org/wiki/images/c/c8/NNSDBTVFCV2002.jpg	Jim Burns
51	188265	https://www.isfdb.org/wiki/images/e/e6/THSHRNKNGM2002.jpg	Chris Moore
52	122191	https://www.isfdb.org/wiki/images/c/c3/THTHRSTGMT2003.jpg	Chris Moore
53	122611	https://m.media-amazon.com/images/I/51B4DXxiYpL.jpg	Steve Stone
54	110781	https://www.isfdb.org/wiki/images/f/fc/THSPCMRCHC2003.jpg	Steve Stone
55	122271	https://m.media-amazon.com/images/I/51DVICyLTmL.jpg	Chris Moore
56	122201	https://www.isfdb.org/wiki/images/2/25/DWNWRDTTHR2004.jpg	Jim Burns
57	122261	https://www.isfdb.org/wiki/images/3/31/THSMLCRJCQ2004.jpg	Chris Moore
58	766036	https://www.isfdb.org/wiki/images/c/cf/THPNLTMTTC2005.jpg	Chris Moore
59	122241	https://www.isfdb.org/wiki/images/9/9a/DNGNSDFVCG2005.jpg	Dominic Harman
60	312056	https://www.isfdb.org/wiki/images/2/29/RNGWRLDPQP2005.jpg	Steven Vincent Johnson
61	252030	https://www.isfdb.org/wiki/images/c/c3/THCHLDGRDN2005.jpg	Dominic Harman
62	109721	https://m.media-amazon.com/images/I/51lNj2jp1aL.jpg	John Picacio
63	87268	https://www.isfdb.org/wiki/images/c/cb/MZFDTHFSSC0000.jpg	Chris Moore
64	109711	https://m.media-amazon.com/images/I/51G8G6DYJAL.jpg	Dominic Harman
65	252032	https://www.isfdb.org/wiki/images/0/01/RNDZVSWTHR2006.jpg	Steve Stone
66	155971	https://www.isfdb.org/wiki/images/a/ac/LFDRNGWRTM2006.jpg	Dominic Harman
67	122231	https://www.isfdb.org/wiki/images/8/8f/WHRLTTHSWT2006.jpg	Jon Sullivan
68	89429	https://www.isfdb.org/wiki/images/0/04/RDSDPCNCFX2007.jpg	Dominic Harman
69	251217	https://www.isfdb.org/wiki/images/5/59/DRKBNDCTNZ2007.jpg	Dominic Harman
70	258865	https://isfdb.org/wiki/images/5/54/MCKNGBRDCC2007.jpg	Dominic Harman
71	279556	https://m.media-amazon.com/images/I/51kxS7V4xIL.jpg	John Schoenherr
72	261784	https://www.isfdb.org/wiki/images/8/88/THMNSHRSHH0000.jpg	Chris Moore (variant of Brother and Other Stories 1988)
73	263703	https://m.media-amazon.com/images/I/51CEjksEobL.jpg	Chris Moore
