Book Id,Title,Author,Author l-f,Additional Authors,ISBN,ISBN13,My Rating,Average Rating,Publisher,Binding,Number of Pages,Year Published,Original Publication Year,Date Read,Date Added,Bookshelves,Bookshelves with positions,Exclusive Shelf,My Review,Spoiler,Private Notes,Read Count,Owned Copies
1000,Wide Sargasso Sea,Jean Rhys,"Rhys, Jean",,"=""""","=""""",0,0,,,,,1966,,2026/10/01,to-read,,to-read,,,,0,0
1001,The Left Hand of Darkness,Ursula K. Le Guin,"Guin, Ursula K. Le",,"=""""","=""""",0,0,,,,,,,2026/10/02,to-read,,to-read,,,,0,0
1002,Mrs Dalloway,Virginia Woolf,"Woolf, Virginia",,"=""""","=""""",0,0,,,,,1925,,2026/10/03,to-read,,to-read,,,,0,0
1003,Solaris,Stanisław Lem,"Lem, Stanisław",,"=""""","=""""",0,0,,,,,1961,,2026/10/04,to-read,,to-read,,,,0,0
1004,Neuromancer,William Gibson,"Gibson, William",,"=""""","=""""",0,0,,,,,1984,,2026/10/05,to-read,,to-read,,,,0,0
1005,Stoner,John Williams,"Williams, John",,"=""""","=""""",0,0,,,,,1965,,2026/10/06,to-read,,to-read,,,,0,0
1006,The Bell Jar,Sylvia Plath,"Plath, Sylvia",,"=""""","=""""",0,0,,,,,,,2026/10/07,to-read,,to-read,,,,0,0
1007,Norwegian Wood,村上春樹,"村上春樹, ",,"=""""","=""""",0,0,,,,,1987,,2026/10/08,to-read,,to-read,,,,0,0
1008,Dune,Frank Herbert,"Herbert, Frank",,"=""""","=""""",0,0,,,,,,,2026/10/09,to-read,,to-read,,,,0,0
1009,The Great Gatsby,F. Scott Fitzgerald,"Fitzgerald, F. Scott",,"=""""","=""""",0,0,,,,,1920,,2026/10/01,,,read,,,,1,0
1010,Brave New World,Aldous Huxley,"Huxley, Aldous",,"=""""","=""""",0,0,,,,,1932,,2026/10/02,,,read,,,,1,0
1011,The Remains of the Day,Kazuo Ishiguro,"Ishiguro, Kazuo",,"=""""","=""""",0,0,,,,,1989,,2026/10/03,,,read,,,,1,0
